{"cameraMode":{"drawMode":0,"name":"Shaded","section":"Shading Mode"},"sceneLighting":false,"audioPlay":false,"sceneViewState":{"m_AlwaysRefresh":false,"showFog":true,"showSkybox":false,"showFlares":true,"showImageEffects":true,"showParticleSystems":true,"showVisualEffectGraphs":true,"m_FxEnabled":true},"in2DMode":false,"pivot":{"x":0.8247125148773193,"y":-22.180875778198243,"z":41.235389709472659},"rotation":{"x":-0.052581265568733218,"y":-0.24723966419696809,"z":0.01343897171318531,"w":-0.9674367904663086},"size":5.185196399688721,"orthographic":true}