{"cameraMode":{"drawMode":0,"name":"Shaded","section":"Shading Mode"},"sceneLighting":false,"audioPlay":false,"sceneViewState":{"m_AlwaysRefresh":false,"showFog":true,"showSkybox":false,"showFlares":true,"showImageEffects":true,"showParticleSystems":true,"showVisualEffectGraphs":true,"m_FxEnabled":true},"in2DMode":false,"pivot":{"x":-3.699422836303711,"y":-28.041671752929689,"z":46.27873992919922},"rotation":{"x":0.5753243565559387,"y":-0.051444314420223239,"z":0.03629386052489281,"w":0.8155001997947693},"size":14.280282020568848,"orthographic":true}