{"cameraMode":{"drawMode":0,"name":"Shaded","section":"Shading Mode"},"sceneLighting":false,"audioPlay":false,"sceneViewState":{"m_AlwaysRefresh":false,"showFog":true,"showSkybox":false,"showFlares":true,"showImageEffects":true,"showParticleSystems":true,"showVisualEffectGraphs":true,"m_FxEnabled":true},"in2DMode":false,"pivot":{"x":0.015309154987335205,"y":1.0282137393951417,"z":0.22126346826553346},"rotation":{"x":-0.016400489956140519,"y":-0.36221107840538027,"z":-0.00635490333661437,"w":0.931952714920044},"size":1.6687055826187134,"orthographic":true}