{"cameraMode":{"drawMode":0,"name":"Shaded","section":"Shading Mode"},"sceneLighting":false,"audioPlay":false,"sceneViewState":{"m_AlwaysRefresh":false,"showFog":true,"showSkybox":false,"showFlares":true,"showImageEffects":true,"showParticleSystems":true,"showVisualEffectGraphs":true,"m_FxEnabled":true},"in2DMode":false,"pivot":{"x":-0.4038209617137909,"y":20.311243057250978,"z":-0.18263661861419679},"rotation":{"x":0.18323613703250886,"y":0.3890572190284729,"z":-0.07927041500806809,"w":0.8993223905563355},"size":5.54885196685791,"orthographic":true}